{
    "swagger": "2.0",
    "info": {
        "title": "Canteen Management System API",
        "contact": {},
        "version": "1.0"
    },
    "host": "localhost:8080",
    "paths": {
        "/clients": {
            "get": {
                "description": "Get all clients available",
                "consumes": [
                    "application/json"
                ],
                "produces": [
                    "application/json"
                ],
                "tags": [
                    "clients"
                ],
                "summary": "Get all clients",
                "operationId": "get-all-clients",
                "responses": {
                    "200": {
                        "description": "Successful response",
                        "schema": {
                            "type": "array",
                            "items": {
                                "$ref": "#/definitions/models.Client"
                            }
                        }
                    },
                    "500": {
                        "description": "Internal Server Error",
                        "schema": {
                            "type": "string"
                        }
                    }
                }
            },
            "post": {
                "description": "Create a new client with the provided JSON input",
                "consumes": [
                    "application/json"
                ],
                "produces": [
                    "application/json"
                ],
                "tags": [
                    "clients"
                ],
                "summary": "Create a new client",
                "parameters": [
                    {
                        "description": "Client object to be created",
                        "name": "input",
                        "in": "body",
                        "required": true,
                        "schema": {
                            "$ref": "#/definitions/models.CreateClientInput"
                        }
                    }
                ],
                "responses": {
                    "200": {
                        "description": "OK",
                        "schema": {
                            "type": "integer"
                        }
                    },
                    "400": {
                        "description": "Bad Request",
                        "schema": {
                            "type": "string"
                        }
                    },
                    "500": {
                        "description": "Internal Server Error",
                        "schema": {
                            "type": "string"
                        }
                    }
                }
            }
        },
        "/clients/{id}": {
            "get": {
                "description": "Get a client based on ID",
                "consumes": [
                    "application/json"
                ],
                "produces": [
                    "application/json"
                ],
                "tags": [
                    "clients"
                ],
                "summary": "Get a client by ID",
                "operationId": "get-client-by-id",
                "parameters": [
                    {
                        "type": "integer",
                        "format": "int64",
                        "description": "Client ID",
                        "name": "id",
                        "in": "path",
                        "required": true
                    }
                ],
                "responses": {
                    "200": {
                        "description": "Successful response",
                        "schema": {
                            "$ref": "#/definitions/models.Client"
                        }
                    },
                    "400": {
                        "description": "Bad Request",
                        "schema": {
                            "type": "string"
                        }
                    },
                    "500": {
                        "description": "Internal Server Error",
                        "schema": {
                            "type": "string"
                        }
                    }
                }
            },
            "put": {
                "description": "Update the existing client with the provided JSON input",
                "consumes": [
                    "application/json"
                ],
                "produces": [
                    "application/json"
                ],
                "tags": [
                    "clients"
                ],
                "summary": "Update the existing client",
                "parameters": [
                    {
                        "type": "integer",
                        "format": "int64",
                        "description": "Client ID",
                        "name": "id",
                        "in": "path",
                        "required": true
                    },
                    {
                        "description": "Client object to be updated",
                        "name": "input",
                        "in": "body",
                        "required": true,
                        "schema": {
                            "$ref": "#/definitions/models.UpdateClientInput"
                        }
                    }
                ],
                "responses": {
                    "200": {
                        "description": "OK",
                        "schema": {
                            "type": "string"
                        }
                    },
                    "400": {
                        "description": "Bad Request",
                        "schema": {
                            "type": "string"
                        }
                    },
                    "500": {
                        "description": "Internal Server Error",
                        "schema": {
                            "type": "string"
                        }
                    }
                }
            },
            "delete": {
                "description": "Delete a client based on ID",
                "consumes": [
                    "application/json"
                ],
                "produces": [
                    "application/json"
                ],
                "tags": [
                    "clients"
                ],
                "summary": "Delete a client by ID",
                "operationId": "delete-client",
                "parameters": [
                    {
                        "type": "integer",
                        "format": "int64",
                        "description": "Client ID",
                        "name": "id",
                        "in": "path",
                        "required": true
                    }
                ],
                "responses": {
                    "200": {
                        "description": "OK",
                        "schema": {
                            "type": "string"
                        }
                    },
                    "400": {
                        "description": "Bad Request",
                        "schema": {
                            "type": "string"
                        }
                    },
                    "500": {
                        "description": "Internal Server Error",
                        "schema": {
                            "type": "string"
                        }
                    }
                }
            }
        },
        "/users": {
            "get": {
                "description": "Get all users available",
                "consumes": [
                    "application/json"
                ],
                "produces": [
                    "application/json"
                ],
                "tags": [
                    "users"
                ],
                "summary": "Get all users",
                "operationId": "get-all-users",
                "responses": {
                    "200": {
                        "description": "Successful response",
                        "schema": {
                            "type": "array",
                            "items": {
                                "$ref": "#/definitions/models.User"
                            }
                        }
                    },
                    "500": {
                        "description": "Internal Server Error",
                        "schema": {
                            "type": "string"
                        }
                    }
                }
            },
            "post": {
                "description": "Create a new user with the provided JSON input",
                "consumes": [
                    "application/json"
                ],
                "produces": [
                    "application/json"
                ],
                "tags": [
                    "users"
                ],
                "summary": "Create a new user",
                "parameters": [
                    {
                        "description": "User object to be created",
                        "name": "input",
                        "in": "body",
                        "required": true,
                        "schema": {
                            "$ref": "#/definitions/models.CreateUserInput"
                        }
                    }
                ],
                "responses": {
                    "200": {
                        "description": "OK",
                        "schema": {
                            "type": "integer"
                        }
                    },
                    "400": {
                        "description": "Bad Request",
                        "schema": {
                            "type": "string"
                        }
                    },
                    "500": {
                        "description": "Internal Server Error",
                        "schema": {
                            "type": "string"
                        }
                    }
                }
            }
        },
        "/users/{id}": {
            "get": {
                "description": "Get a user based on ID",
                "consumes": [
                    "application/json"
                ],
                "produces": [
                    "application/json"
                ],
                "tags": [
                    "users"
                ],
                "summary": "Get a user by ID",
                "operationId": "get-user-by-id",
                "parameters": [
                    {
                        "type": "integer",
                        "format": "int64",
                        "description": "User ID",
                        "name": "id",
                        "in": "path",
                        "required": true
                    }
                ],
                "responses": {
                    "200": {
                        "description": "Successful response",
                        "schema": {
                            "$ref": "#/definitions/models.User"
                        }
                    },
                    "400": {
                        "description": "Bad Request",
                        "schema": {
                            "type": "string"
                        }
                    },
                    "500": {
                        "description": "Internal Server Error",
                        "schema": {
                            "type": "string"
                        }
                    }
                }
            },
            "put": {
                "description": "Update the existing user with the provided JSON input",
                "consumes": [
                    "application/json"
                ],
                "produces": [
                    "application/json"
                ],
                "tags": [
                    "users"
                ],
                "summary": "Update the existing user",
                "parameters": [
                    {
                        "type": "integer",
                        "format": "int64",
                        "description": "User ID",
                        "name": "id",
                        "in": "path",
                        "required": true
                    },
                    {
                        "description": "User object to be updated",
                        "name": "input",
                        "in": "body",
                        "required": true,
                        "schema": {
                            "$ref": "#/definitions/models.UpdateUserInput"
                        }
                    }
                ],
                "responses": {
                    "200": {
                        "description": "OK",
                        "schema": {
                            "type": "string"
                        }
                    },
                    "400": {
                        "description": "Bad Request",
                        "schema": {
                            "type": "string"
                        }
                    },
                    "500": {
                        "description": "Internal Server Error",
                        "schema": {
                            "type": "string"
                        }
                    }
                }
            },
            "delete": {
                "description": "Delete a user based on ID",
                "consumes": [
                    "application/json"
                ],
                "produces": [
                    "application/json"
                ],
                "tags": [
                    "users"
                ],
                "summary": "Delete a user by ID",
                "operationId": "delete-user",
                "parameters": [
                    {
                        "type": "integer",
                        "format": "int64",
                        "description": "User ID",
                        "name": "id",
                        "in": "path",
                        "required": true
                    }
                ],
                "responses": {
                    "200": {
                        "description": "OK",
                        "schema": {
                            "type": "string"
                        }
                    },
                    "400": {
                        "description": "Bad Request",
                        "schema": {
                            "type": "string"
                        }
                    },
                    "500": {
                        "description": "Internal Server Error",
                        "schema": {
                            "type": "string"
                        }
                    }
                }
            }
        }
    },
    "definitions": {
        "models.Client": {
            "type": "object",
            "properties": {
                "age": {
                    "type": "integer"
                },
                "balance": {
                    "type": "number"
                },
                "client_category_id": {
                    "type": "integer"
                },
                "created_at": {
                    "type": "string"
                },
                "deleted_at": {
                    "type": "string"
                },
                "email": {
                    "type": "string"
                },
                "first_name": {
                    "type": "string"
                },
                "gender": {
                    "type": "string"
                },
                "id": {
                    "type": "integer"
                },
                "is_active": {
                    "type": "boolean"
                },
                "last_name": {
                    "type": "string"
                },
                "updated_at": {
                    "type": "string"
                }
            }
        },
        "models.CreateClientInput": {
            "type": "object",
            "required": [
                "age",
                "client_category_id",
                "first_name",
                "gender",
                "last_name"
            ],
            "properties": {
                "age": {
                    "type": "integer"
                },
                "balance": {
                    "type": "number"
                },
                "client_category_id": {
                    "type": "integer"
                },
                "email": {
                    "type": "string"
                },
                "first_name": {
                    "type": "string"
                },
                "gender": {
                    "type": "string"
                },
                "last_name": {
                    "type": "string"
                }
            }
        },
        "models.CreateUserInput": {
            "type": "object",
            "required": [
                "email",
                "first_name",
                "last_name",
                "password",
                "role_id",
                "username"
            ],
            "properties": {
                "email": {
                    "type": "string"
                },
                "first_name": {
                    "type": "string"
                },
                "last_name": {
                    "type": "string"
                },
                "password": {
                    "type": "string"
                },
                "role_id": {
                    "type": "integer"
                },
                "username": {
                    "type": "string"
                }
            }
        },
        "models.UpdateClientInput": {
            "type": "object",
            "properties": {
                "age": {
                    "type": "integer"
                },
                "balance": {
                    "type": "number"
                },
                "client_category_id": {
                    "type": "integer"
                },
                "email": {
                    "type": "string"
                },
                "first_name": {
                    "type": "string"
                },
                "gender": {
                    "type": "string"
                },
                "is_active": {
                    "type": "boolean"
                },
                "last_name": {
                    "type": "string"
                }
            }
        },
        "models.UpdateUserInput": {
            "type": "object",
            "properties": {
                "email": {
                    "type": "string"
                },
                "first_name": {
                    "type": "string"
                },
                "is_active": {
                    "type": "boolean"
                },
                "last_name": {
                    "type": "string"
                },
                "password": {
                    "type": "string"
                },
                "role_id": {
                    "type": "integer"
                },
                "username": {
                    "type": "string"
                }
            }
        },
        "models.User": {
            "type": "object",
            "properties": {
                "created_at": {
                    "type": "string"
                },
                "deleted_at": {
                    "type": "string"
                },
                "email": {
                    "type": "string"
                },
                "first_name": {
                    "type": "string"
                },
                "id": {
                    "type": "integer"
                },
                "is_active": {
                    "type": "boolean"
                },
                "last_name": {
                    "type": "string"
                },
                "password": {
                    "type": "string"
                },
                "role_id": {
                    "type": "integer"
                },
                "updated_at": {
                    "type": "string"
                },
                "username": {
                    "type": "string"
                }
            }
        }
    }
}